keyword,local_path,image_url,source_page,source_domain
猪瘟,images\猪瘟\猪瘟_0001.png,https://cdn.yangzhu360.com/2019/0716/201907160553351809.png,https://www.yangzhu360.com/zhuwen/20190716/12231.html,www.yangzhu360.com
猪瘟,images\猪瘟\猪瘟_0002.jpg,https://media.soozhu.com/uploads/ue/202311/f5j6b3a6g9.jpg,https://www.soozhu.com/article/484940/,www.soozhu.com
猪瘟,images\猪瘟\猪瘟_0003.jpg,http://5b0988e595225.cdn.sohucs.com/images/20181104/4406114542df475eaebc21c14acfe484.jpeg,https://www.sohu.com/picture/273185414,www.sohu.com
猪瘟,images\猪瘟\猪瘟_0004.jpg,https://img.zhuwang.com.cn/2023/1201/20231201031024105.jpg,https://news.zhuwang.com.cn/chuanran/20231201/555613.html,news.zhuwang.com.cn
猪瘟,images\猪瘟\猪瘟_0005.jpg,http://5b0988e595225.cdn.sohucs.com/images/20180830/9f15c4c8420d4f76b327ddb2a24b9997.jpeg,http://www.dashangu.com/postimg_15097414_6.html,www.dashangu.com
猪瘟,images\猪瘟\猪瘟_0006.jpg,https://media.soozhu.com/uploads/ue/202312/n0d2b7h3x9.jpg,https://www.soozhu.com/article/486769/,www.soozhu.com
猪瘟,images\猪瘟\猪瘟_0007.jpg,http://www.pingjiang.gov.cn/uploadfiles/201812/20181225204429142001.jpg,http://www.pingjiang.gov.cn/35048/54323/54325/content_1461912.html,www.pingjiang.gov.cn
猪瘟,images\猪瘟\猪瘟_0008.png,https://cdn.yangzhu360.com/2023/0111/4723885e7c67064496c9a7b625fb4892de72bf67.png,https://www.yangzhu360.com/zhuwen/20230111/529682.html,www.yangzhu360.com
猪瘟,images\猪瘟\猪瘟_0009.jpg,https://cdn.yangzhu360.com/2023/0511/438091a2e752371065983cf04f443798db7a1be1.jpg,https://www.yangzhu360.com/zhuwen/20230316/558924.html,www.yangzhu360.com
猪瘟,images\猪瘟\猪瘟_0010.jpg,https://media.soozhu.com/uploads/ue/202211/w9n5t5t0t5.jpg,https://www.soozhu.com/article/461766/,www.soozhu.com
猪瘟,images\猪瘟\猪瘟_0011.jpg,https://www.shuomingshu.cn/wp-content/uploads/images/2023/03/18/f409430f-f1a3-4e52-a69e-d705962e649e_kmcb1tlkixw.jpg,https://www.shuomingshu.cn/changshi/203430.html,www.shuomingshu.cn
猪瘟,images\猪瘟\猪瘟_0012.jpg,https://p2.itc.cn/images01/20210730/99704499202b44fd86ea00cedf6ccb76.jpeg,https://www.sohu.com/a/480541721_121075542,www.sohu.com
猪瘟,images\猪瘟\猪瘟_0013.png,https://cdn.yangzhu360.com/2019/0716/201907160551504513.png,https://www.yangzhu360.com/zhuwen/20190716/12231.html,www.yangzhu360.com
猪瘟,images\猪瘟\猪瘟_0014.png,http://zgzysy.com/Uploads/image/20230410/1681094669379147.png,http://zgzysy.com/index/news_xq/id/9178.html,zgzysy.com
猪瘟,images\猪瘟\猪瘟_0015.jpg,https://media.soozhu.com/uploads/ue/202304/b7t8t2m7q3.jpg,https://www.soozhu.com/article/470329/,www.soozhu.com
猪瘟,images\猪瘟\猪瘟_0016.jpg,http://img.mp.sohu.com/upload/20180806/1666887a09724282bc57c58f84afea58_th.jpg,https://www.sohu.com/a/245467559_730671,www.sohu.com
猪瘟,images\猪瘟\猪瘟_0017.jpg,https://p1.itc.cn/q_70/images03/20220609/e50f2eaf80c740e1b519bba3bd2e9bf7.jpeg,https://www.sohu.com/a/555404266_121124606,www.sohu.com
猪瘟,images\猪瘟\猪瘟_0018.jpg,https://img.zhuwang.com.cn/2024/0923/20240923024650279.jpg,https://news.zhuwang.com.cn/guojixinwen/20240923/583679.html,news.zhuwang.com.cn
猪瘟,images\猪瘟\猪瘟_0019.jpg,https://cdn.sputniknews.cn/img/102203/66/1022036658_591:0:2409:2000_1920x0_80_0_0_d1111bc830d9cef3adbe1be1ac58d241.jpg,https://sputniknews.cn/20191203/1030160750.html,sputniknews.cn
猪瘟,images\猪瘟\猪瘟_0020.jpg,https://img.my478.com/202212/1671187013699963.jpg,https://www.my478.com/yangzhi/20221231/198396.html,www.my478.com
猪瘟,images\猪瘟\猪瘟_0021.jpg,https://media.soozhu.com/uploads/ue/202303/h4j1v3w2u1.jpg,https://www.soozhu.com/article/468723/,www.soozhu.com
猪瘟,images\猪瘟\猪瘟_0022.png,https://img.zhuwang.com.cn/2023/1201/20231201031026655.png,https://news.zhuwang.com.cn/chuanran/20231201/555613.html,news.zhuwang.com.cn
猪瘟,images\猪瘟\猪瘟_0023.jpg,https://www.gdaav.org/userfiles/article/5b7296f3beb64.jpeg,https://www.gdaav.org/web/article/11361.html,www.gdaav.org
猪瘟,images\猪瘟\猪瘟_0024.jpg,http://n.sinaimg.cn/sinacn20200213ac/139/w1080h659/20200213/1d65-ipmxpvz5497897.jpg,https://k.sina.com.cn/article_6017678524_166ae7cbc00100klg4.html,k.sina.com.cn
猪瘟,images\猪瘟\猪瘟_0025.jpg,http://himg2.huanqiu.com/attachment2010/2018/1127/16/02/20181127040213576.jpg,http://health.huanqiu.com/special/hqfeizhouzhuwen/index.html,health.huanqiu.com
猪瘟,images\猪瘟\猪瘟_0026.png,http://zgzysy.com/Uploads/image/20230329/1680062505606931.png,http://zgzysy.com/index/news_xq/id/9125.html,zgzysy.com
猪瘟,images\猪瘟\猪瘟_0027.jpg,https://cdn.beimuxin.com/chanpintupian/2023/02/b000ac7de22007cd5942c282d9604dc8.jpg,https://www.beimuxin.com/4453/.html,www.beimuxin.com
猪瘟,images\猪瘟\猪瘟_0028.jpg,https://www.aibcxw.com/wp-content/uploads/2024/03/2024032700463055.jpeg,https://www.aibcxw.com/knowledges/3499.html,www.aibcxw.com
猪瘟,images\猪瘟\猪瘟_0029.jpg,https://p9-bk.byteimg.com/tos-cn-i-mlhdmxsy5m/0a037a36570849e886bcf2d2093f4780~tplv-mlhdmxsy5m-q75:0:0.image,https://www.baike.com/wikiid/2308209545602907335?from=wiki_content&prd=innerlink,www.baike.com
猪瘟,images\猪瘟\猪瘟_0030.jpg,http://www.jksb.com.cn/uploadfile/2021/0310/20210310103043241.jpg,http://www.jksb.com.cn/html/xinwen/2021/0310/169562.html,www.jksb.com.cn
猪瘟,images\猪瘟\猪瘟_0031.jpg,https://n.sinaimg.cn/tech/crawl/107/w550h357/20181211/Hks--hpfyceu0011508.jpg,https://tech.sina.cn/d/bk/2018-12-11/detail-ihmutuec8075527.d.html,tech.sina.cn
猪瘟,images\猪瘟\猪瘟_0032.jpg,https://www.bolongxm.com/data/upload/image/20200718/1595062294135017.jpeg,https://www.bolongxm.com/news/430.html,www.bolongxm.com
猪瘟,images\猪瘟\猪瘟_0033.png,https://cdn.yangzhu360.com/2022/0106/d5cf863b04fb49d973203b091a2d96f06bf081af.png,https://www.yangzhu360.com/zhuwen/20220106/353892.html,www.yangzhu360.com
猪瘟,images\猪瘟\猪瘟_0034.jpg,https://mmbiz.qpic.cn/mmbiz_jpg/iavDcnaFuxNdWcsTUlJ7vVp6iaoUZdjVpibUZCSibFNOSVvuE4ib7YWThldr3AYqoYq4vjPWxLgW2e0V7bGBYvibkhIQ/640?wx_fmt=jpeg&wxfrom=5&wx_lazy=1&wx_co=1,http://zgzysy.com/index/news_xq/id/7144.html,zgzysy.com
猪瘟,images\猪瘟\猪瘟_0035.jpg,https://media.soozhu.com/uploads/ue/202312/v4r8r1e0i3.jpg,https://www.soozhu.com/article/486769/,www.soozhu.com
猪瘟,images\猪瘟\猪瘟_0036.png,https://www.kcycs.com/upload/20210619/3ad963922212b4659e2d7dd9729f1cd5.png,https://www.kcycs.com/Technology/detail/id/1111.html,www.kcycs.com
猪瘟,images\猪瘟\猪瘟_0037.jpg,https://www.pingjiang.gov.cn/uploadfiles/201812/20181225204822666001.jpg,https://www.pingjiang.gov.cn/35048/54323/54325/content_1461912.html,www.pingjiang.gov.cn
猪瘟,images\猪瘟\猪瘟_0038.jpg,http://n.sinaimg.cn/sinakd20220523ac/400/w1200h800/20220523/fc0b-dc92f526c25579dca5950a0b4a618a30.jpg,https://k.sina.com.cn/article_5389342038_1413ad55600100wgwc.html,k.sina.com.cn
猪瘟,images\猪瘟\猪瘟_0039.jpg,http://p0.ifengimg.com/pmop/2018/0823/7844CC42FFC9DC602241261789EEE36DD4C02FA3_size109_w821_h524.jpeg,https://ishare.ifeng.com/c/s/v002LizFqHp71P2fVG8oONHhKqVI2b7qjAL6Ds8NPqExz--c__,ishare.ifeng.com
猪瘟,images\猪瘟\猪瘟_0040.jpg,https://p1.itc.cn/images01/20210510/092bbcb7a7cd488096d0eda3e4e06f38.jpeg,https://www.sohu.com/a/465675472_537720,www.sohu.com
猪瘟,images\猪瘟\猪瘟_0041.jpg,https://cdn.yangzhu360.com/2020/1126/953a677b43c6f2cac6cef6b5ebecd03e2a0269f2.jpg,https://www.yangzhu360.com/zhuwen/27.html,www.yangzhu360.com
猪瘟,images\猪瘟\猪瘟_0042.jpg,https://p5.itc.cn/q_70/images03/20220224/d720a4a590ea4abaafa4785a90ef8400.jpeg,https://www.sohu.com/a/525192292_121124518,www.sohu.com
猪瘟,images\猪瘟\猪瘟_0043.jpg,http://www.hl99cn.com/uploadimg/2009111195227665.jpg,http://www.qw99cn.com/show.asp?newsid=1519&cateid=30,www.qw99cn.com
猪瘟,images\猪瘟\猪瘟_0044.jpg,http://image.nbd.com.cn/uploads/articles/thumbnails/842653/XxjpsgC007478_20191128_PEPFN0A001.jpg,http://www.nbd.com.cn/articles/1421440.html,www.nbd.com.cn
猪瘟,images\猪瘟\猪瘟_0045.jpg,http://www.pingjiang.gov.cn/uploadfiles/201812/20181225204501484001.jpg,http://www.pingjiang.gov.cn/35048/54323/54325/content_1461912.html,www.pingjiang.gov.cn
猪瘟,images\猪瘟\猪瘟_0046.jpg,https://cdn.yangzhu360.com/2022/0311/6585d742ad22f5cbbf7d059c9544fc4b3d4b83cc.jpg,https://www.yangzhu360.com/zhuwen/20220311/363849.html,www.yangzhu360.com
猪瘟,images\猪瘟\猪瘟_0047.png,https://p4.itc.cn/q_70/images03/20230109/f26a9ca4aa1e4471a72f7ff8aff66670.png,https://www.sohu.com/a/627009298_121124318,www.sohu.com
猪瘟,images\猪瘟\猪瘟_0048.jpg,http://www.moa.gov.cn/ztzl/fzzwfk/fkzs/201809/W020180928379301563366.jpg,http://www.moa.gov.cn/ztzl/fzzwfk/fkzs/201809/t20180928_6159490.htm,www.moa.gov.cn
猪瘟,images\猪瘟\猪瘟_0049.jpg,https://cdn.yangzhu360.com/2021/0818/b4d9bc56bd6462e371551f332c3faf489c29d634.jpg,https://www.yangzhu360.com/zhengce/20190306/6820.html,www.yangzhu360.com
猪瘟,images\猪瘟\猪瘟_0050.png,https://cdn.yangzhu360.com/2023/0407/aff54d538afa3a57be6257fbb07012269d25abac.png,https://www.yangzhu360.com/zhuwen/20230407/569529.html,www.yangzhu360.com
猪 蓝耳病,images\猪_蓝耳病\猪_蓝耳病_0001.jpg,https://p1.itc.cn/images01/20221230/de856e750b6946efbac839e97d95070e.jpeg,https://www.sohu.com/a/622713542_120769351,www.sohu.com
猪 蓝耳病,images\猪_蓝耳病\猪_蓝耳病_0002.png,https://cdn.yangzhu360.com/2019/0318/20190318112806557.png,https://www.soozhu.com/article/464306/,www.soozhu.com
猪 蓝耳病,images\猪_蓝耳病\猪_蓝耳病_0003.jpg,https://www.uben-prrs.com/ueditor/php/upload/image/20210929/1632928726518661.jpg,https://www.uben-prrs.com/show/20210929/217.html,www.uben-prrs.com
猪 蓝耳病,images\猪_蓝耳病\猪_蓝耳病_0004.jpg,https://www.uben-prrs.com/ueditor/php/upload/image/20211103/1635929771224817.jpg,https://www.uben-prrs.com/show/20211103/264.html,www.uben-prrs.com
猪 蓝耳病,images\猪_蓝耳病\猪_蓝耳病_0005.jpg,https://www.dadasou.com/uploads/allimg/20200216/bwp21zcxz1f76188.jpg,https://www.dadasou.com/ny/yangzhi/15447.html,www.dadasou.com
猪 蓝耳病,images\猪_蓝耳病\猪_蓝耳病_0006.jpg,https://cdn.yangzhu360.com/2022/1019/0aef4196c0e52c0ce91b5cc656bd6a600e37ac11.jpg,https://www.yangzhu360.com/zhubing/20221019/448956.html,www.yangzhu360.com
猪 蓝耳病,images\猪_蓝耳病\猪_蓝耳病_0007.png,https://cdn.yangzhu360.com/2023/0107/bf9af0c029bd5f6b647996748392a8b4e1151212.png,https://www.yangzhu360.com/zhubing/40.html,www.yangzhu360.com
猪 蓝耳病,images\猪_蓝耳病\猪_蓝耳病_0008.jpg,http://5b0988e595225.cdn.sohucs.com/images/20170914/d77e9a078b3c44c787ad13aaf361a2ac.jpeg,https://www.sohu.com/a/191827460_693325,www.sohu.com
猪 蓝耳病,images\猪_蓝耳病\猪_蓝耳病_0009.jpg,https://www.sanfentian.com/img/202309/20190301155119125.jpg,https://www.sanfentian.com/sannong/10837.html,www.sanfentian.com
猪 蓝耳病,images\猪_蓝耳病\猪_蓝耳病_0010.jpg,https://www.uben-prrs.com/ueditor/php/upload/image/20210911/1631332178896202.jpg,https://www.uben-prrs.com/show/20210911/181.html,www.uben-prrs.com
猪 蓝耳病,images\猪_蓝耳病\猪_蓝耳病_0011.jpg,http://5b0988e595225.cdn.sohucs.com/images/20190330/a6c3200d599c496bbf4d3089e5e4a6b6.jpeg,https://www.sohu.com/a/304778798_482049,www.sohu.com
猪 蓝耳病,images\猪_蓝耳病\猪_蓝耳病_0012.jpg,https://www.dadasou.com/uploads/allimg/20200216/zsstx0gjsp376189.jpg,https://www.dadasou.com/ny/yangzhi/15447.html,www.dadasou.com
猪 蓝耳病,images\猪_蓝耳病\猪_蓝耳病_0013.jpg,http://k.sinaimg.cn/n/sinakd20230327ac/764/w1024h540/20230327/342f-58ea6432892e836e9d1f8a6718c37c04.jpg/w700d1q75cms.jpg?by=cms_fixed_width,https://k.sina.com.cn/article_6353678136_17ab56f38001016i2q.html,k.sina.com.cn
猪 蓝耳病,images\猪_蓝耳病\猪_蓝耳病_0014.png,https://www.uben-prrs.com/ueditor/php/upload/image/20210811/1628668604687660.png,https://www.uben-prrs.com/show/20210811/122.html,www.uben-prrs.com
猪 蓝耳病,images\猪_蓝耳病\猪_蓝耳病_0015.png,https://cdn.yangzhu360.com/2019/0318/20190318112828172.png,https://www.soozhu.com/article/464306/,www.soozhu.com
猪 蓝耳病,images\猪_蓝耳病\猪_蓝耳病_0016.jpg,http://img.mp.itc.cn/upload/20170705/727040213a0d44e69458114a18600804_th.jpg,https://www.sohu.com/a/154613459_99905372,www.sohu.com
猪 蓝耳病,images\猪_蓝耳病\猪_蓝耳病_0017.jpg,https://www.sanfentian.com/img/202309/20190301155311714.jpg,https://www.sanfentian.com/sannong/10836.html,www.sanfentian.com
猪 蓝耳病,images\猪_蓝耳病\猪_蓝耳病_0018.jpg,https://pic2.zhimg.com/v2-9b8d64180b90f2f2a452d89bdeb184a1_r.jpg,https://zhuanlan.zhihu.com/p/376498312,zhuanlan.zhihu.com
猪 蓝耳病,images\猪_蓝耳病\猪_蓝耳病_0019.jpg,https://www.uben-prrs.com/ueditor/php/upload/image/20211129/1638176540575782.jpg,https://www.uben-prrs.com/show/20211129/316.html,www.uben-prrs.com
猪 蓝耳病,images\猪_蓝耳病\猪_蓝耳病_0020.jpg,http://www.1350135.com/uploadfile/2018/0126/20180126022006896.jpg,http://www.1350135.com/html/zhonghe/news/2018/012647256.html,www.1350135.com
猪 蓝耳病,images\猪_蓝耳病\猪_蓝耳病_0021.jpg,https://p9.itc.cn/q_70/images03/20220315/ddadf0a578a74f588f9bfd933540bd99.jpeg,https://www.sohu.com/a/529802486_121124606,www.sohu.com
猪 蓝耳病,images\猪_蓝耳病\猪_蓝耳病_0022.jpg,http://k.sinaimg.cn/n/sinakd20115/107/w1024h683/20220816/52aa-cc8921982eeac5ea5e2cd17d555aa929.jpg/w700d1q75cms.jpg,https://k.sina.cn/article_7766201797_1cee6d5c500100z7xj.html?from=health,k.sina.cn
猪 蓝耳病,images\猪_蓝耳病\猪_蓝耳病_0023.jpg,https://cdn.yangzhu360.com/upload/202404/11/95708bce045dcd8dd559b83acb5383f45b69b5cf.jpg,https://www.yangzhu360.com/zhubing/20240411/740092.html,www.yangzhu360.com
猪 蓝耳病,images\猪_蓝耳病\猪_蓝耳病_0024.jpg,https://www.uben-prrs.com/ueditor/php/upload/image/20210824/1629797020197993.jpg,https://www.uben-prrs.com/show/20210824/154.html,www.uben-prrs.com
猪 蓝耳病,images\猪_蓝耳病\猪_蓝耳病_0025.jpg,http://www.gdswine.com/uploads/allimg/190912/52484-1Z912103435563.jpg,http://tech.gdswine.com/zbfz/crb/201909/205807.html,tech.gdswine.com
猪 蓝耳病,images\猪_蓝耳病\猪_蓝耳病_0026.jpg,http://k.sinaimg.cn/n/sinakd20115/107/w1024h683/20220816/483e-b8c9428cb88d440349dcade1e12d2ae5.jpg/w700d1q75cms.jpg,https://k.sina.cn/article_7766201797_1cee6d5c500100z7xj.html?from=health,k.sina.cn
猪 蓝耳病,images\猪_蓝耳病\猪_蓝耳病_0027.jpg,https://cdn.yangzhu360.com/2022/1114/74e451982e4dcf8e1c2dec49532640dda0d6d242.jpg,https://www.yangzhu360.com/zhubing/20221114/453161.html,www.yangzhu360.com
猪 蓝耳病,images\猪_蓝耳病\猪_蓝耳病_0028.png,https://cdn.yangzhu360.com/2023/0207/c1d470b7116bb213c928cd3bbef93cdfeb068e2a.png,https://www.yangzhu360.com/toutiao/20230207/540437.html,www.yangzhu360.com
猪 蓝耳病,images\猪_蓝耳病\猪_蓝耳病_0029.png,http://www.hnxmsyzz.com/file/upload/202302/24/093303442.png,http://www.hnxmsyzz.com/jstg/show-3878.html,www.hnxmsyzz.com
猪 蓝耳病,images\猪_蓝耳病\猪_蓝耳病_0030.png,https://cdn.yangzhu360.com/2019/0318/20190318112744753.png,https://www.soozhu.com/article/464306/,www.soozhu.com
猪 蓝耳病,images\猪_蓝耳病\猪_蓝耳病_0031.jpg,https://img.imuyi.com/upic/21/150/2428.jpg,https://www.imuyi.com/c/182509120923.html,www.imuyi.com
猪 蓝耳病,images\猪_蓝耳病\猪_蓝耳病_0032.png,https://cdn.yangzhu360.com/2022/0822/adf2fa56747db7d09c9696ebbcba0b90ce2a2329.png,https://www.yangzhu360.com/zhubing/15.html,www.yangzhu360.com
猪 蓝耳病,images\猪_蓝耳病\猪_蓝耳病_0033.jpg,https://image.cnhnb.com/image/jpg/miniapp/2023/09/12/32c5ca2a1a2b46f6950da3ac76484ab3.jpg,https://www.cnhnb.com/xt/article-122114.html,www.cnhnb.com
猪 蓝耳病,images\猪_蓝耳病\猪_蓝耳病_0034.jpg,http://n.sinaimg.cn/sinakd20116/137/w600h337/20220928/e4bf-094c4574978bbb3fa92cd7e6ddbeb439.jpg,https://k.sina.com.cn/article_7766201797_1cee6d5c500100zhri.html,k.sina.com.cn
猪 蓝耳病,images\猪_蓝耳病\猪_蓝耳病_0035.jpg,https://cdn.yangzhu360.com/2023/0410/900c0ef099315f560e83190fe2f5acdc2a56e9d9.jpg,https://www.yangzhu360.com/zhubing/20230410/570862.html,www.yangzhu360.com
猪 蓝耳病,images\猪_蓝耳病\猪_蓝耳病_0036.jpg,https://www.uben-prrs.com/ueditor/php/upload/image/20220302/1646206749779489.jpeg,https://www.uben-prrs.com/show/20220302/410.html,www.uben-prrs.com
猪 蓝耳病,images\猪_蓝耳病\猪_蓝耳病_0037.jpg,https://media.soozhu.com/uploads/mall/2021/08/15/t8j3m4t8.jpg,https://www.jinzhus.com/item/6728/,www.jinzhus.com
猪 蓝耳病,images\猪_蓝耳病\猪_蓝耳病_0038.jpg,http://n.sinaimg.cn/sinakd20116/33/w500h333/20220928/7969-8b59726a9a905297f14ba4a0c8e57716.jpg,https://k.sina.com.cn/article_7766201797_1cee6d5c500100zhri.html,k.sina.com.cn
猪 蓝耳病,images\猪_蓝耳病\猪_蓝耳病_0039.jpg,https://www.uben-prrs.com/ueditor/php/upload/image/20230329/1680082492860143.jpg,https://www.uben-prrs.com/show/20230329/650.html,www.uben-prrs.com
猪 蓝耳病,images\猪_蓝耳病\猪_蓝耳病_0040.jpg,https://cdn.yangzhu360.com/2022/0720/9747140a898b3a54e3beb6a50a5b3ccc9bc06075.jpg,https://www.yangzhu360.com/zhubing/20220720/431668.html,www.yangzhu360.com
猪 蓝耳病,images\猪_蓝耳病\猪_蓝耳病_0041.jpg,https://cdn.yangzhu360.com/upload/202412/02/74e168c5dd7a48d3f451b2d26ba61ee028c416f3.jpg,https://news.zhuwang.com.cn/zhubingfz/20241202/590358.html,news.zhuwang.com.cn
猪 蓝耳病,images\猪_蓝耳病\猪_蓝耳病_0042.png,https://cdn.yangzhu360.com/2022/1114/483f64b8db4c4d1d8675b360884d73fa6531b731.png,https://www.yangzhu360.com/zhubing/20221114/453161.html,www.yangzhu360.com
猪 蓝耳病,images\猪_蓝耳病\猪_蓝耳病_0043.jpg,https://www.uben-prrs.com/ueditor/php/upload/image/20230323/1679557243367989.jpg,https://www.uben-prrs.com/show/20230323/645.html,www.uben-prrs.com
猪 蓝耳病,images\猪_蓝耳病\猪_蓝耳病_0044.jpg,http://img.mp.sohu.com/upload/20180507/0669aa908c074a29b03d4eaf0ffe6976.jpg,https://www.sohu.com/a/230662033_100141792,www.sohu.com
猪 蓝耳病,images\猪_蓝耳病\猪_蓝耳病_0045.png,https://media.soozhu.com/uploads/ue/202307/u6y3l3d1p1.png,https://www.soozhu.com/article/477829/,www.soozhu.com
猪 蓝耳病,images\猪_蓝耳病\猪_蓝耳病_0046.jpg,http://5b0988e595225.cdn.sohucs.com/images/20181024/1c2c94f9242942019ef7a978af1c33d6.jpeg,https://www.sohu.com/a/270929043_100241182,www.sohu.com
猪 蓝耳病,images\猪_蓝耳病\猪_蓝耳病_0047.png,https://cdn.yangzhu360.com/upload/202501/12/638bcd4058d74a406ee756cd6d986255924864fa.png,https://news.zhuwang.com.cn/xinwen/20250112/594813.html,news.zhuwang.com.cn
猪 蓝耳病,images\猪_蓝耳病\猪_蓝耳病_0048.jpg,https://pic.vjshi.com/2023-07-14/abcc0bdacc814492aeda53b7a4404233/online/puzzle.jpg?x-oss-process=style/w1440_h2880,https://www.vjshi.com/watch/24591505.html,www.vjshi.com
猪 蓝耳病,images\猪_蓝耳病\猪_蓝耳病_0049.png,https://nfs.nxin.com/cms_image_67c7ef3c-4bf7-403d-9e73-64278e6b6b25.png,https://info.nxin.com/portal/view/nyzx/detail?newsId=1424214&typeId=null,info.nxin.com
猪 蓝耳病,images\猪_蓝耳病\猪_蓝耳病_0050.jpg,https://cdn.yangzhu360.com/2022/0601/fb0ac2667ae010034bb42ab0bcab31319f05ccbe.jpg,https://www.yangzhu360.com/jisuzl/20220601/376654.html,www.yangzhu360.com
